{
    "name": "Klapptes",
    "content": null,
    "timestamp_create": 1590154543.9532359,
    "timestamp_edit": 1590154543.9532359
}